# ui-bundle-manifest.tsv — crates that ship a COMMITTED, pre-built UI bundle.
#
# #3606: trusty-search 0.37.0 published a ui-dist/ built from pre-#3509 source,
# so the shipped dashboard had no dark mode. Three occurrences, no gate.
#
# Read by scripts/check-ui-bundle-freshness.sh, which is CHECK 7 of
# scripts/preflight-publish.sh. The manifest is checked BOTH ways against what
# the tree actually tracks: a crate that ships a bundle without a row here
# FAILS (MANIFEST-GAP), and a row whose bundle directory has no tracked files
# FAILS (MANIFEST-STALE). Neither direction can be satisfied by doing nothing,
# which is what keeps a green run distinguishable from a run that inspected
# nothing.
#
# Columns (tab-separated):
#   1. crate_dir   directory under crates/ (not the crates.io package name)
#   2. source_dir  UI source root(s), repo-relative — the Svelte/Vite project.
#                  A comma-separated list, CURRENT path first; later entries are
#                  paths the source used to live at, so `--rev` can audit a
#                  commit from before a move (#6155). First one that holds a
#                  file at that rev wins.
#   3. bundle_dir  committed build output, repo-relative — what cargo packages
#
# Each bundle_dir carries ui-source-hash.txt, written by
# scripts/stamp-ui-bundle.sh as part of the build. That file is the freshness
# claim; the gate recomputes the digest and compares.
#
# trusty-search is the odd one out: its bundle lives at crate root as ui-dist/
# and is reached by a mirror step (`make -C crates/trusty-search sync-ui`),
# while the other three commit ui/dist/ directly. That extra mirror step is the
# one that keeps getting skipped.
#
# #6155: trusty-search's row also names a source_dir in ANOTHER crate. The
# search dashboard's Svelte source moved to crates/trusty-console/ui-search,
# and trusty-search's ui-dist/ is now a mirror of the bundle the console builds
# from it. Two rows therefore share one source_dir and record the same digest —
# which is what makes an edit to the dashboard mark BOTH bundles stale, the
# property this gate exists for. #6285 deletes trusty-search's HTTP listener
# and this row with it.
#
# crates/trusty-agents has a ui/ but its dist is gitignored (Tauri packages it
# at build time, nothing is embedded from git), so it ships no committed bundle
# and correctly has no row. Adding one would fail NO-BUNDLE.
#
# #6155: trusty-console ships a SECOND bundle. Under ADR-0032 the console is the
# only HTTP surface, so it serves the search dashboard at /tools/search/ from
# its own bundle — a published console tarball cannot reach into a sibling
# crate. That dashboard's Svelte source now lives in this crate too, at
# crates/trusty-console/ui-search, and build.rs builds it like any other.
#
# That row is keyed `trusty-console-search`, NOT `trusty-console`. The two keys
# have to differ because stamp-ui-bundle.sh stamps every row matching the name
# it is given, and trusty-console's build.rs stamps `trusty-console` after
# building its OWN UI. Share the key and that build re-stamps the search bundle
# it never rebuilt, recording a freshness claim nobody made — the #3606
# laundering the stamp exists to prevent.
#
# The gate goes the other way on purpose. check-ui-bundle-freshness.sh also
# matches a `<crate>-<suffix>` row when asked about `<crate>`, so
# preflight-publish.sh CHECK 7 for trusty-console inspects both bundles the
# tarball carries. The stamper under-claims, the gate over-checks.
#
# crate_dir	source_dir	bundle_dir
trusty-search	crates/trusty-console/ui-search,crates/trusty-search/ui	crates/trusty-search/ui-dist
trusty-memory	crates/trusty-memory/ui	crates/trusty-memory/ui/dist
trusty-analyze	crates/trusty-analyze/ui	crates/trusty-analyze/ui/dist
trusty-console	crates/trusty-console/ui	crates/trusty-console/ui/dist
trusty-console-search	crates/trusty-console/ui-search,crates/trusty-search/ui	crates/trusty-console/ui-search-dist
